<?xml version="1.0" encoding="UTF-8"?>
<project-private xmlns="http://www.netbeans.org/ns/project-private/1">
    <editor-bookmarks xmlns="http://www.netbeans.org/ns/editor-bookmarks/2" lastBookmarkId="0"/>
    <open-files xmlns="http://www.netbeans.org/ns/projectui-open-files/2">
        <group>
            <file>file:/C:/Users/AFRIN/Desktop/ip/Assignments/Assignment-02/src/java/AddProductServlet.java</file>
            <file>file:/C:/Users/AFRIN/Desktop/ip/Assignments/Assignment-02/web/index.html</file>
            <file>file:/C:/Users/AFRIN/Desktop/ip/Assignments/Assignment-02/src/java/ViewProductsServlet.java</file>
            <file>file:/C:/Users/AFRIN/Desktop/ip/Assignments/Assignment-02/src/java/DeleteProductServlet.java</file>
            <file>file:/C:/Users/AFRIN/Desktop/ip/Assignments/Assignment-02/src/java/EditProductServlet.java</file>
            <file>file:/C:/Users/AFRIN/Desktop/ip/Assignments/Assignment-02/src/java/SearchProductsServlet.java</file>
        </group>
    </open-files>
</project-private>
